{"left": {"inner_leaf": [703], "item_amount": 16, "avg_latent_vector": [-0.0033825328573584557, 0.09718538634479046, 0.024103165604174137, -0.03560200706124306, -0.1130473893135786, 0.12693781405687332, 0.10274101234972477, -0.1049122903496027, 0.09786664694547653, 0.1371915340423584, 0.07476661447435617, -0.08673191256821156, -0.06527839135378599, -0.023527593351900578, 0.08218805305659771, 0.07069059833884239, 0.013282575644552708, 0.1566474847495556, -0.14473523572087288, -0.008483504643663764]}, "right": {"left": {"inner_leaf": [708], "item_amount": 32, "avg_latent_vector": [-0.0018699616193771362, 0.09838489070534706, 0.02510941168293357, -0.03743133135139942, -0.1135659059509635, 0.1284120688214898, 0.1041126698255539, -0.10571275604888797, 0.09847675496712327, 0.13919533044099808, 0.07473651086911559, -0.08937605749815702, -0.0648657651618123, -0.024206279776990414, 0.08353309519588947, 0.07162637449800968, 0.013717995956540108, 0.15857958793640137, -0.1474376479163766, -0.008530546678230166]}, "right": {"inner_leaf": [795], "item_amount": 240, "avg_latent_vector": [0.057401893722514315, 0.11402634903788567, 0.09621073889235655, -0.1833262516806523, 0.06613576576734582, -0.01628759140148759, -0.041721629754950605, -0.16153748494883377, -0.012117622047662735, 0.0012012814171612264, -0.05655880669752757, -0.14934536678095658, 0.051460148425151904, 0.08129064114764332, 0.171064085389177, -0.06418034958963593, 0.15284121924390395, 0.02799264562005798, 0.041377695230767134, -0.07700988420595725]}, "inner_leaf": [795, 708], "avg_latent_vector": [0.05042873427052708, 0.11218617746935171, 0.08784587686771855, -0.16616214340662255, 0.04499439262401532, 0.0007358980365097506, -0.02456465333371478, -0.15496986978413427, 0.0008934811305473832, 0.017435875419965562, -0.041112298748510724, -0.14229015392415664, 0.037774746826685524, 0.06887923868592172, 0.16076632183702552, -0.04820308793226586, 0.13647378121009646, 0.043355815304333675, 0.01916412544875022, -0.06895349155563642], "item_amount": 272}, "inner_leaf": [795, 708, 703], "avg_latent_vector": [0.047439219430089, 0.11135280018465386, 0.08430461513085498, -0.15890880249854591, 0.036214293627482325, 0.007747115593196616, -0.017492116351301473, -0.1521888931488825, 0.00628087923137678, 0.024088967565654054, -0.034674581347240344, -0.13920358495993745, 0.032049572483325996, 0.06374552579493159, 0.1564008624603351, -0.041597883139426514, 0.129629825345344, 0.04964979694017933, 0.01005860538377116, -0.06559404783830461], "item_amount": 288}